MarikC,,,
Salvage:Liao,25,,25
Salvage:Steiner,25,,25
Dates,3050-01-01T00:00:00Z,,3057-01-01T00:00:00Z
Lights,,,
mechdef_flea_FLE-14,12,,12
mechdef_stinger_STG-3R,143,,143
mechdef_wasp_WSP-1A,143,,143
mechdef_wasp_WSP-3M,0,3051-01-01T00:00:00Z,43
mechdef_flea_FLE-15,5,,5
mechdef_flea_FLE-4,30,,30
mechdef_locust_LCT-1V,143,,143
mechdef_stinger_STG-5M,0,3050-01-01T00:00:00Z,43
mechdef_locust_LCT-3V,8,,8
mechdef_stinger_STG-3G,43,,43
mechdef_urbanmech_UM-R60,58,,58
mechdef_locust_LCT-3M,0,3050-01-01T00:00:00Z,43
mechdef_locust_LCT-1E,12,,12
mechdef_javelin_JVN-10N,22,,22
mechdef_hermes_HER-1A,8,,8
mechdef_falcon_FLC-4N,4,,4
mechdef_spider_SDR-5V,70,,70
mechdef_hermes_HER-1B,4,,4
mechdef_firestarter_FS9-H,70,,70
mechdef_mongoose_MON-67,4,,4
mechdef_firestarter_FS9-K,4,,4
mechdef_hammer_HMR-3M,0,3053-01-01T00:00:00Z,22
mechdef_javelin_JVN-10F,4,,4
mechdef_urbanmech_UM-R90,12,,12
Mediums,,,
mechdef_vulcan_VL-2T,43,,43
mechdef_cicada_CDA-2A,27,,27
mechdef_assassin_ASN-21,14,,14
mechdef_clint_CLNT-2-3T,3,,3
mechdef_hermesII_HER-2S,90,,90
mechdef_vulcan_VL-5M,0,3050-01-01T00:00:00Z,8
mechdef_cicada_CDA-3M,0,3050-01-01T00:00:00Z,19
mechdef_hermesII_HER-5S,0,3050-01-01T00:00:00Z,27
mechdef_icarusII_ICR-1S,9,,9
mechdef_vulcan_VL-5T,5,,5
mechdef_centurion_CN9-A,14,,14
mechdef_blackjack_BJ-1,19,,19
mechdef_whitworth_WTH-1,5,,5
mechdef_trebuchet_TBT-5S,8,,8
mechdef_wyvern_WVE-6N,5,,5
mechdef_scorpion_SCP-1N,14,,14
mechdef_phoenixhawk_PXH-1,136,,136
mechdef_hunchback_HBK-4G,54,,54
mechdef_hunchback_HBK-5M,19,,19
mechdef_shadowhawk_SHD-2H,43,,43
mechdef_hunchback_HBK-4H,5,,5
mechdef_hunchback_HBK-4N,5,,5
mechdef_scorpion_SCP-1O,3,,3
mechdef_wolverine_WVR-6R,27,,27
mechdef_hunchback_HBK-4P,5,,5
mechdef_crab_CRB-20,5,,5
mechdef_hunchback_HBK-4J,5,,5
mechdef_dervish_DV-6M,8,,8
mechdef_trebuchet_TBT-5N,43,,43
mechdef_trebuchet_TBT-5J,27,,27
mechdef_griffin_GRF-1N,54,,54
mechdef_gladiator_GLD-3R,3,,3
mechdef_gladiator_GLD-4R,3,,3
mechdef_wolverine_WVR-6M,136,,136
mechdef_cronus_CNS-3M,5,,5
mechdef_trebuchet_TBT-7M,27,,27
mechdef_griffin_GRF-3M,27,,27
Heavies,,,
mechdef_rifleman_RFL-3N,102,,102
mechdef_champion_CHP-2N,6,,6
mechdef_quickdraw_QKD-4G,49,,49
mechdef_quickdraw_QKD-5A,9,,9
mechdef_ostroc_OSR-2C,9,,9
mechdef_ostroc_OSR-2M,6,,6
mechdef_quickdraw_QKD-4H,9,,9
mechdef_ostsol_OTL-5M,0,3050-01-01T00:00:00Z,9
mechdef_ostsol_OTL-4D,6,,6
mechdef_ostroc_OSR-3C,3,,3
mechdef_orion_ON1-V,15,,15
mechdef_warhammer_WHM-6R,102,,102
mechdef_crusader_CRD-3R,102,,102
mechdef_orion_ON1-VA,6,,6
mechdef_thunderbolt_TDR-5S,102,,102
mechdef_marauder_MAD-3M,22,,22
mechdef_bombardier_BMB-10D,9,,9
mechdef_marauder_MAD-3R,9,,9
mechdef_guillotine_GLT-4P,3,,3
mechdef_catapult_CPLT-C1,3,,3
mechdef_guillotine_GLT-4L,31,,31
mechdef_crusader_CRD-5M,0,3050-01-01T00:00:00Z,31
mechdef_grasshopper_GHR-5H,9,,9
mechdef_orion_ON1-K,153,,153
mechdef_stalker_STK-4P,6,,6
mechdef_marauder_MAD-5M,0,3051-01-01T00:00:00Z,22
mechdef_guillotine_GLT-5M,9,,9
mechdef_archer_ARC-2R,102,,102
mechdef_hercules_HRC-LS-9001,0,3056-01-01T00:00:00Z,6
Assaults,,,
mechdef_cyclops_CP-10-Z,4,,4
mechdef_longbow_LGB-0W,127,,127
mechdef_victor_VTR-9B,11,,11
mechdef_banshee_BNC-3Q,11,,11
mechdef_banshee_BNC-3E,27,,27
mechdef_goliath_GOL-1H,27,,27
mechdef_awesome_AWS-8R,39,,39
mechdef_striker_STC-2C,11,,11
mechdef_thug_THG-10E,77,,77
mechdef_awesome_AWS-8V,39,,39
mechdef_battlemaster_BLR-1G,77,,77
mechdef_cyclops_CP-11-A,4,,4
mechdef_cyclops_CP-11-C,4,,4
mechdef_stalker_STK-4N,27,,27
mechdef_stalker_STK-3F,193,,193
mechdef_cyclops_CP-10-Q,7,,7
mechdef_awesome_AWS-8T,39,,39
mechdef_banshee_BNC-3M,11,,11
mechdef_awesome_AWS-8Q,127,,127
mechdef_longbow_LGB-7Q,39,,39
mechdef_stalker_STK-3H,27,,27
mechdef_kingcrab_KGC-0000,4,,4
mechdef_awesome_AWS-9M,0,3050-01-01T00:00:00Z,11
mechdef_atlas_AS7-D,7,,7